-- MySQL dump 10.13  Distrib 5.7.29, for Linux (x86_64)
--
-- Host: localhost    Database: employee_commission
-- ------------------------------------------------------
-- Server version	5.7.29-0ubuntu0.18.04.1

/*!40101 SET @OLD_CHARACTER_SET_CLIENT=@@CHARACTER_SET_CLIENT */;
/*!40101 SET @OLD_CHARACTER_SET_RESULTS=@@CHARACTER_SET_RESULTS */;
/*!40101 SET @OLD_COLLATION_CONNECTION=@@COLLATION_CONNECTION */;
/*!40101 SET NAMES utf8 */;
/*!40103 SET @OLD_TIME_ZONE=@@TIME_ZONE */;
/*!40103 SET TIME_ZONE='+00:00' */;
/*!40014 SET @OLD_UNIQUE_CHECKS=@@UNIQUE_CHECKS, UNIQUE_CHECKS=0 */;
/*!40014 SET @OLD_FOREIGN_KEY_CHECKS=@@FOREIGN_KEY_CHECKS, FOREIGN_KEY_CHECKS=0 */;
/*!40101 SET @OLD_SQL_MODE=@@SQL_MODE, SQL_MODE='NO_AUTO_VALUE_ON_ZERO' */;
/*!40111 SET @OLD_SQL_NOTES=@@SQL_NOTES, SQL_NOTES=0 */;

--
-- Table structure for table `Commissions`
--

DROP TABLE IF EXISTS `Commissions`;
/*!40101 SET @saved_cs_client     = @@character_set_client */;
/*!40101 SET character_set_client = utf8 */;
CREATE TABLE `Commissions` (
  `id` int(11) NOT NULL,
  `Employee_id` int(11) DEFAULT NULL,
  `Commission_Amount` int(11) DEFAULT NULL,
  PRIMARY KEY (`id`),
  KEY `Employee_id` (`Employee_id`),
  CONSTRAINT `Commissions_ibfk_1` FOREIGN KEY (`Employee_id`) REFERENCES `Employees` (`id`)
) ENGINE=InnoDB DEFAULT CHARSET=latin1;
/*!40101 SET character_set_client = @saved_cs_client */;

--
-- Dumping data for table `Commissions`
--

LOCK TABLES `Commissions` WRITE;
/*!40000 ALTER TABLE `Commissions` DISABLE KEYS */;
INSERT INTO `Commissions` VALUES (1,1,5000),(2,2,3000),(3,3,4000),(4,1,4000),(5,2,3000),(6,4,2000),(7,5,1000),(8,6,5000);
/*!40000 ALTER TABLE `Commissions` ENABLE KEYS */;
UNLOCK TABLES;

--
-- Table structure for table `Departments`
--

DROP TABLE IF EXISTS `Departments`;
/*!40101 SET @saved_cs_client     = @@character_set_client */;
/*!40101 SET character_set_client = utf8 */;
CREATE TABLE `Departments` (
  `id` int(11) NOT NULL,
  `Name` varchar(20) DEFAULT NULL,
  PRIMARY KEY (`id`)
) ENGINE=InnoDB DEFAULT CHARSET=latin1;
/*!40101 SET character_set_client = @saved_cs_client */;

--
-- Dumping data for table `Departments`
--

LOCK TABLES `Departments` WRITE;
/*!40000 ALTER TABLE `Departments` DISABLE KEYS */;
INSERT INTO `Departments` VALUES (1,'Banking'),(2,'Insurance'),(3,'Services');
/*!40000 ALTER TABLE `Departments` ENABLE KEYS */;
UNLOCK TABLES;

--
-- Table structure for table `Employees`
--

DROP TABLE IF EXISTS `Employees`;
/*!40101 SET @saved_cs_client     = @@character_set_client */;
/*!40101 SET character_set_client = utf8 */;
CREATE TABLE `Employees` (
  `id` int(11) NOT NULL,
  `Name` varchar(30) DEFAULT NULL,
  `Salary` int(11) DEFAULT NULL,
  `Department_id` int(11) DEFAULT NULL,
  PRIMARY KEY (`id`),
  KEY `Department_id` (`Department_id`),
  CONSTRAINT `Employees_ibfk_1` FOREIGN KEY (`Department_id`) REFERENCES `Departments` (`id`)
) ENGINE=InnoDB DEFAULT CHARSET=latin1;
/*!40101 SET character_set_client = @saved_cs_client */;

--
-- Dumping data for table `Employees`
--

LOCK TABLES `Employees` WRITE;
/*!40000 ALTER TABLE `Employees` DISABLE KEYS */;
INSERT INTO `Employees` VALUES (1,'Chris Gayle',1000000,1),(2,'Michael Clarke',800000,2),(3,'Rahul Dravid',700000,1),(4,'Ricky Pointing',600000,2),(5,'Albie Morkel',650000,2),(6,'Wasim Akram',750000,3);
/*!40000 ALTER TABLE `Employees` ENABLE KEYS */;
UNLOCK TABLES;
/*!40103 SET TIME_ZONE=@OLD_TIME_ZONE */;

/*!40101 SET SQL_MODE=@OLD_SQL_MODE */;
/*!40014 SET FOREIGN_KEY_CHECKS=@OLD_FOREIGN_KEY_CHECKS */;
/*!40014 SET UNIQUE_CHECKS=@OLD_UNIQUE_CHECKS */;
/*!40101 SET CHARACTER_SET_CLIENT=@OLD_CHARACTER_SET_CLIENT */;
/*!40101 SET CHARACTER_SET_RESULTS=@OLD_CHARACTER_SET_RESULTS */;
/*!40101 SET COLLATION_CONNECTION=@OLD_COLLATION_CONNECTION */;
/*!40111 SET SQL_NOTES=@OLD_SQL_NOTES */;

-- Dump completed on 2020-03-07 13:40:03
