-- MySQL dump 10.13  Distrib 5.7.29, for Linux (x86_64)
--
-- Host: localhost    Database: sales
-- ------------------------------------------------------
-- Server version	5.7.29-0ubuntu0.18.04.1

/*!40101 SET @OLD_CHARACTER_SET_CLIENT=@@CHARACTER_SET_CLIENT */;
/*!40101 SET @OLD_CHARACTER_SET_RESULTS=@@CHARACTER_SET_RESULTS */;
/*!40101 SET @OLD_COLLATION_CONNECTION=@@COLLATION_CONNECTION */;
/*!40101 SET NAMES utf8 */;
/*!40103 SET @OLD_TIME_ZONE=@@TIME_ZONE */;
/*!40103 SET TIME_ZONE='+00:00' */;
/*!40014 SET @OLD_UNIQUE_CHECKS=@@UNIQUE_CHECKS, UNIQUE_CHECKS=0 */;
/*!40014 SET @OLD_FOREIGN_KEY_CHECKS=@@FOREIGN_KEY_CHECKS, FOREIGN_KEY_CHECKS=0 */;
/*!40101 SET @OLD_SQL_MODE=@@SQL_MODE, SQL_MODE='NO_AUTO_VALUE_ON_ZERO' */;
/*!40111 SET @OLD_SQL_NOTES=@@SQL_NOTES, SQL_NOTES=0 */;

--
-- Table structure for table `customer`
--

DROP TABLE IF EXISTS `customer`;
/*!40101 SET @saved_cs_client     = @@character_set_client */;
/*!40101 SET character_set_client = utf8 */;
CREATE TABLE `customer` (
  `id` int(11) NOT NULL,
  `name` varchar(20) DEFAULT NULL,
  `city` varchar(20) DEFAULT NULL,
  `industry_type` varchar(1) DEFAULT NULL,
  PRIMARY KEY (`id`)
) ENGINE=InnoDB DEFAULT CHARSET=latin1;
/*!40101 SET character_set_client = @saved_cs_client */;

--
-- Dumping data for table `customer`
--

LOCK TABLES `customer` WRITE;
/*!40000 ALTER TABLE `customer` DISABLE KEYS */;
INSERT INTO `customer` VALUES (1,'samsonic','pleasant','j'),(2,'panasung','oaktown','j'),(3,'samony','jackson','b'),(4,'orange','jackson','b');
/*!40000 ALTER TABLE `customer` ENABLE KEYS */;
UNLOCK TABLES;

--
-- Table structure for table `orders`
--

DROP TABLE IF EXISTS `orders`;
/*!40101 SET @saved_cs_client     = @@character_set_client */;
/*!40101 SET character_set_client = utf8 */;
CREATE TABLE `orders` (
  `id` int(11) NOT NULL,
  `order_date` date DEFAULT NULL,
  `cust_id` int(11) DEFAULT NULL,
  `salesperson_id` int(11) DEFAULT NULL,
  `amount` int(11) DEFAULT NULL,
  PRIMARY KEY (`id`),
  KEY `cust_id` (`cust_id`),
  KEY `salesperson_id` (`salesperson_id`),
  CONSTRAINT `orders_ibfk_1` FOREIGN KEY (`cust_id`) REFERENCES `customer` (`id`),
  CONSTRAINT `orders_ibfk_2` FOREIGN KEY (`salesperson_id`) REFERENCES `salesperson` (`id`)
) ENGINE=InnoDB DEFAULT CHARSET=latin1;
/*!40101 SET character_set_client = @saved_cs_client */;

--
-- Dumping data for table `orders`
--

LOCK TABLES `orders` WRITE;
/*!40000 ALTER TABLE `orders` DISABLE KEYS */;
INSERT INTO `orders` VALUES (1,'2013-01-08',1,2,540),(2,'2013-01-13',1,5,1800),(3,'2013-01-17',4,1,460),(4,'2013-02-02',3,2,2400),(5,'2013-02-03',2,4,600),(6,'2013-02-03',2,4,720),(7,'2013-03-05',4,4,150);
/*!40000 ALTER TABLE `orders` ENABLE KEYS */;
UNLOCK TABLES;

--
-- Table structure for table `salesperson`
--

DROP TABLE IF EXISTS `salesperson`;
/*!40101 SET @saved_cs_client     = @@character_set_client */;
/*!40101 SET character_set_client = utf8 */;
CREATE TABLE `salesperson` (
  `id` int(11) NOT NULL,
  `name` varchar(20) DEFAULT NULL,
  `age` int(11) DEFAULT NULL,
  `salary` int(11) DEFAULT NULL,
  PRIMARY KEY (`id`)
) ENGINE=InnoDB DEFAULT CHARSET=latin1;
/*!40101 SET character_set_client = @saved_cs_client */;

--
-- Dumping data for table `salesperson`
--

LOCK TABLES `salesperson` WRITE;
/*!40000 ALTER TABLE `salesperson` DISABLE KEYS */;
INSERT INTO `salesperson` VALUES (1,'abe',61,140000),(2,'bob',34,44000),(3,'chris',34,40000),(4,'dan',41,52000),(5,'ken',57,115000),(6,'joe',38,38000);
/*!40000 ALTER TABLE `salesperson` ENABLE KEYS */;
UNLOCK TABLES;
/*!40103 SET TIME_ZONE=@OLD_TIME_ZONE */;

/*!40101 SET SQL_MODE=@OLD_SQL_MODE */;
/*!40014 SET FOREIGN_KEY_CHECKS=@OLD_FOREIGN_KEY_CHECKS */;
/*!40014 SET UNIQUE_CHECKS=@OLD_UNIQUE_CHECKS */;
/*!40101 SET CHARACTER_SET_CLIENT=@OLD_CHARACTER_SET_CLIENT */;
/*!40101 SET CHARACTER_SET_RESULTS=@OLD_CHARACTER_SET_RESULTS */;
/*!40101 SET COLLATION_CONNECTION=@OLD_COLLATION_CONNECTION */;
/*!40111 SET SQL_NOTES=@OLD_SQL_NOTES */;

-- Dump completed on 2020-03-13 15:16:23
